{"category": "blazers", "recommended": {"images": ["995", "1006", "1012"], "center": [0.010277777910232544, 0.000416666705859825, 0.011527778580784798, 0.0, 0.06729166209697723, 0.00041666667675599456, 0.025763889774680138, 0.022361110895872116, 0.07201389223337173, 0.003055555745959282, 0.0024305556435137987, 0.005486111156642437, 0.0008333333535119891, 0.001041666604578495, 0.003263888880610466, 0.022013887763023376, 0.18013888597488403, 0.0016666667070239782, 0.05770833417773247, 0.005763889290392399, 0.03305555880069733, 0.4154166579246521, 0.003402777947485447, 0.022638890892267227, 0.03201388940215111]}, "distance_clusters": [0.2470514286460206, 0.23835686622797037, 0.2726594134043897, 0.5450942937347494, 0.3993758180465999], "in_clusters": [0, 0, 0, 0, 0]}