{"category": "suits", "recommended": {"images": ["65", "67", "68", "69", "72", "74", "93", "96", "97", "98", "99", "101", "102", "103", "106", "107", "108", "109", "316", "512", "513", "515", "517", "518", "520", "521", "522", "523", "524", "525"], "center": [0.004930555354803801, 0.006472221575677395, 0.0014375001192092896, 8.333333244081587e-05, 0.012256945483386517, 0.00019444426288828254, 0.0029375003650784492, 0.0028333328664302826, 0.04727083817124367, 0.0006944444612599909, 0.036895833909511566, 0.0017013889737427235, 0.7273889183998108, 0.0034791664220392704, 0.0036458331160247326, 0.005145832896232605, 0.0009930555243045092, 0.0016944443341344595, 0.0003958333400078118, 0.011131945997476578, 0.004583333153277636, 0.0033541664015501738, 0.1166180670261383, 0.0017777772154659033, 0.0020833329763263464]}, "distance_clusters": [0.23120738796444254, 0.06795098924128952, 0.10786396384492578, 0.21959895104533392, 0.1886830567615352], "in_clusters": [0, 0, 0, 0, 0]}