{"category": "shorts", "recommended": {"images": ["47", "53", "58", "156", "157", "158", "159", "160", "161", "163", "164", "168", "169", "170", "171", "172", "174", "175", "176", "178", "179", "180", "181", "182", "183", "184", "186", "187", "189", "190", "191", "195", "428", "432", "497", "500", "508"], "center": [0.043614864349365234, 0.002156531438231468, 0.002421171637251973, 0.0030349099542945623, 0.0011373874731361866, 0.0433952733874321, 0.017657658085227013, 0.004527026787400246, 0.022353604435920715, 0.001182432402856648, 0.01225225254893303, 0.0, 0.01179617177695036, 0.010315315797924995, 0.006925675552338362, 0.005427926778793335, 0.0038682431913912296, 0.05334458872675896, 0.006638513412326574, 0.010878381319344044, 0.027347978204488754, 0.022719595581293106, 0.011295045726001263, 0.6566779613494873, 0.01903153397142887]}, "distance_clusters": [0.2125173625245489, 0.20350252929507406, 0.11531774294078345, 0.1836006542632057, 0.11877943822013508], "in_clusters": [0, 0, 0, 0, 0]}