{"category": "shirts", "recommended": {"images": ["8", "39", "46", "48", "49", "56", "136", "137", "138", "139", "140", "141", "142", "143", "230", "231", "232", "235", "236", "237", "239", "240", "241", "242", "243", "244", "245", "246", "247", "248", "249", "250", "252", "253", "254", "255", "256", "258", "259", "260", "261", "262", "263", "264"], "center": [0.08241003751754761, 0.022111741825938225, 0.010355114936828613, 0.03354166820645332, 0.04539300128817558, 0.008503787219524384, 0.01188921183347702, 0.01216855924576521, 0.0062452657148242, 0.008257577195763588, 0.019071973860263824, 0.0330871157348156, 0.009966856800019741, 0.02072443626821041, 0.0030303029343485832, 0.013986742123961449, 0.46312031149864197, 0.020615534856915474, 0.019843751564621925, 0.018347542732954025, 0.05023673549294472, 0.01756628230214119, 0.00685132434591651, 0.03632575646042824, 0.02634943090379238]}, "distance_clusters": [0.5291852853584552, 0.43878501181202617, 0.4068992622628043, 0.20075924235031695, 0.30284520270755305], "in_clusters": [0, 0, 0, 0, 0]}