{"category": "tshirts", "recommended": {"images": ["1", "2", "4", "5", "6", "45", "52", "59", "77", "78", "80", "82", "84", "85", "87", "88", "89", "91", "196", "197", "198", "199", "200", "201", "202", "203", "204", "205", "206", "207", "208", "209", "210", "212", "213", "214", "215", "216", "217", "218", "219", "220", "221", "304", "307", "322"], "center": [0.11722373962402344, 0.003482789732515812, 0.00833786278963089, 0.003351449267938733, 0.003473731456324458, 0.05371376872062683, 0.46709245443344116, 0.053061600774526596, 0.0070244562812149525, 0.012373191304504871, 5.434782724478282e-05, 0.02137228660285473, 0.017382249236106873, 0.022690217941999435, 0.035344209522008896, 0.038763586431741714, 0.0047418479807674885, 0.014510869979858398, 0.016340577974915504, 0.011861413717269897, 0.0037681160029023886, 0.003297101706266403, 0.010480077937245369, 0.04031703248620033, 0.029941124841570854]}, "distance_clusters": [0.48331061816891463, 0.29151613699368545, 0.47009086950648193, 0.4096431958875259, 0.46018282170561103], "in_clusters": [0, 0, 0, 0, 0]}