{"category": "bottoms", "recommended": {"images": ["28", "32", "35", "40", "41", "42", "43", "44", "51", "60", "79", "81", "83", "86", "90", "112", "113", "114", "115", "116", "117", "118", "119", "120", "121", "122", "123", "124", "125", "127", "128", "129", "130", "131", "132", "134", "135", "306", "337", "352", "355", "356", "357", "358", "359", "360"], "center": [0.002069746609777212, 0.6372870802879333, 0.021077904850244522, 0.04750905558466911, 0.009714676067233086, 0.012373189441859722, 0.0017119565745815635, 0.012699279934167862, 0.03325634077191353, 0.012875908054411411, 0.016557971015572548, 0.004701086785644293, 0.01227808278053999, 0.053328804671764374, 0.008582429960370064, 0.019610505551099777, 0.015905797481536865, 0.0071150390431284904, 0.0023822463117539883, 0.0017300723120570183, 0.013509961776435375, 0.008355979807674885, 0.029918478801846504, 0.0017481882823631167, 0.013700186274945736]}, "distance_clusters": [0.25204028123673194, 0.23436991420793712, 0.2762553423871194, 0.2723223530914596, 0.15414456080185693], "in_clusters": [0, 0, 0, 0, 0]}